1234,ahmad,ahmad3,ahmad3@gmail.com,1gleem,Alexandria,01235689546,3,a@f,Science,2021-05-04 22:44:29,2021-08-10,a@f,Science,2021-05-08 06:26:55,2023-10-10,a@f,Science,2021-05-08 06:26:59,2023-10-10
5241,mahmoud,mahmoud3,mahmoud3@gmail.com,2shobra,Cairo,01124565215,0
2546,asser,asser3,asser3@gmail.com,sheikhZaid,Cairo,01254369874,0
7856,youssef,youssef3,youssef3@gmail.com,4siead,Tanta,01124356120,0
5522,yasser,yasser3,yasser3@gmail.com,mast,mansura,01144556688,1,a@t,Security,2021-05-05 01:58:23,2022-01-01
5426,amr,amr3,amr3@yahoo.com,giza,Cairo,01255336699,0
5588,amir,amir3,amir3@gmail.com,zzzz,Banha,01022428596,0
1233,az,az3,az3@gmail.com.in.edu,aefqef,qefqef,01122334455,0
